Trait,Chromosome,Name,SS,df,MS,F,pvalue,Rsq,lowerCI,upperCI,B97,CML103,CML277,CML322,CML333,CML69,Ki11,Ki3,Ky21,M162W,M37W,Mo18W,MS71,NC305,NC358,oh43,oh7B,Tx303,Tzi8
WSASI,1,m327,474.71997,19,24.98526158,2.550227078,2.48E-04,0.059796582,99.664247,104.608452,0.682 ,0.005 ,-0.279 ,-0.958 ,-0.069 ,-0.464 ,0.724 ,-2.015 ,0.274 ,0.678 ,-0.007 ,3.617 ,0.847 ,0.666 ,-0.362 ,-0.427 ,-0.793 ,2.793 ,2.973 
WSASI,1,m346,494.6445952,19,26.03392606,2.657263482,1.27E-04,0.062306324,125.460026,148.057769,-0.089 ,-0.648 ,0.639 ,1.476 ,0.013 ,0.722 ,-1.188 ,2.089 ,0.171 ,-0.451 ,-0.576 ,-3.175 ,0.182 ,-0.968 ,0.218 ,0.562 ,1.072 ,-2.391 ,-2.483 
WSASI,2,m1239,586.9394398,19,30.89154946,3.153077492,4.97E-06,0.073931949,175.369397,181.538879,0.020 ,-0.370 ,-0.468 ,0.331 ,0.018 ,0.928 ,-0.052 ,0.315 ,0.731 ,0.460 ,1.080 ,0.434 ,0.370 ,0.892 ,0.452 ,0.767 ,0.152 ,0.177 ,-0.426 
WSASI,6,m3283,597.3305086,19,31.43844782,3.208899001,3.41E-06,0.075240827,74.603964,85.966982,0.178 ,-0.028 ,-0.072 ,-0.095 ,0.621 ,-0.305 ,0.021 ,-0.085 ,0.242 ,-0.106 ,1.034 ,1.733 ,-0.042 ,-0.318 ,0.997 ,-0.624 ,0.583 ,0.135 ,0.324 
WSASI,7,m3974,609.1960761,19,32.06295137,3.272641614,2.21E-06,0.076735435,161.801427,162.069965,-0.315 ,-0.325 ,0.143 ,-0.909 ,-0.216 ,-0.895 ,-0.018 ,-0.663 ,-0.585 ,-0.591 ,0.742 ,0.210 ,-0.813 ,-0.607 ,-0.683 ,0.370 ,-0.219 ,-0.387 ,0.022 
WSASI,9,m4768,526.3511205,19,27.70269055,2.827593033,4.27E-05,0.066300135,126.933311,134.642745,-0.049 ,-0.766 ,-0.328 ,0.395 ,0.061 ,1.110 ,0.573 ,0.526 ,1.004 ,0.104 ,0.329 ,0.514 ,-0.750 ,0.044 ,-0.089 ,0.634 ,-0.466 ,0.254 ,0.786 
WSASI,10,m5066,550.3262626,19,28.96454014,2.956389082,1.84E-05,0.069320087,85.319613,99.203454,0.239 ,-0.594 ,0.252 ,-0.253 ,0.228 ,-0.190 ,0.761 ,0.480 ,-0.168 ,-0.242 ,-0.998 ,-0.279 ,0.019 ,-0.700 ,-0.347 ,-0.553 ,0.188 ,0.218 ,-0.151 
WSEL,1,m97,222.7982763,19,11.72622507,3.747006272,8.24E-08,0.060867548,19.6339,25.423333,-0.025 ,-0.141 ,-0.177 ,-0.151 ,0.090 ,-0.439 ,-0.230 ,-0.066 ,-0.227 ,0.075 ,0.071 ,-0.309 ,-0.342 ,-0.155 ,-0.650 ,0.383 ,0.134 ,-0.355 ,-0.835 
WSEL,1,m671,190.93094,19,10.04899684,3.211063575,3.37E-06,0.052161526,252.630129,263.198847,0.022 ,0.572 ,0.033 ,-0.126 ,-0.641 ,0.067 ,-0.249 ,0.223 ,0.241 ,-0.124 ,0.076 ,-0.258 ,0.358 ,-0.102 ,-0.272 ,0.251 ,0.536 ,-0.142 ,0.047 
WSEL,2,m1206,315.479429,19,16.60418047,5.3057116,8.68E-13,0.086187647,153.950812,169.308956,-0.106 ,0.339 ,0.555 ,0.305 ,0.141 ,0.568 ,0.261 ,0.440 ,0.327 ,-0.100 ,0.315 ,0.401 ,0.148 ,-0.340 ,0.627 ,0.035 ,-0.344 ,0.470 ,0.841 
WSEL,2,m1422,144.8538181,19,7.623885161,2.43614167,5.01E-04,0.039573451,217.650052,222.43667,-0.046 ,0.289 ,-0.604 ,0.094 ,0.453 ,0.094 ,0.477 ,0.110 ,-0.075 ,0.214 ,-0.213 ,-0.715 ,0.106 ,-0.049 ,-0.148 ,-0.189 ,0.368 ,0.051 ,0.202 
WSEL,4,m2198,158.6856387,19,8.351875722,2.66876429,1.18E-04,0.043352246,61.520585,82.012835,0.059 ,0.107 ,-0.303 ,0.213 ,0.182 ,-0.231 ,0.059 ,-0.370 ,0.070 ,0.150 ,0.123 ,0.032 ,-0.151 ,0.779 ,0.044 ,0.384 ,0.590 ,0.166 ,0.021 
WSEL,4,m2328,175.5192486,19,9.237855189,2.951870796,1.90E-05,0.047951117,166.922351,171.909727,-0.378 ,0.138 ,0.254 ,0.097 ,0.055 ,0.596 ,-0.458 ,0.028 ,0.241 ,0.070 ,-0.005 ,-0.239 ,0.158 ,-0.653 ,0.463 ,0.014 ,-1.007 ,-0.187 ,0.303 
WSEL,5,m2716,198.137371,19,10.42828268,3.332260841,1.48E-06,0.054130293,19.524281,24.377119,0.421 ,0.086 ,0.200 ,0.055 ,0.380 ,0.037 ,0.530 ,0.346 ,-0.292 ,0.614 ,-0.466 ,0.423 ,-0.334 ,0.013 ,-0.147 ,0.027 ,1.078 ,0.266 ,-0.883 
WSEL,5,m2793,178.5132739,19,9.395435471,3.002224111,1.36E-05,0.048769072,53.39841,71.377093,-0.331 ,-0.053 ,-0.021 ,0.054 ,-0.505 ,-0.171 ,-0.368 ,0.100 ,0.621 ,-0.566 ,0.771 ,0.021 ,0.253 ,0.282 ,0.227 ,0.108 ,-0.342 ,0.355 ,0.322 
WSEL,5,m3103,182.7760944,19,9.619794444,3.073915937,8.47E-06,0.049933657,206.723102,209.684173,-0.328 ,0.005 ,-0.337 ,-0.089 ,-0.005 ,-0.337 ,-0.084 ,-0.396 ,-0.125 ,-0.322 ,-0.284 ,0.294 ,-0.405 ,-0.482 ,-0.102 ,-0.605 ,-0.009 ,-0.249 ,0.014 
WSEL,6,m3308,166.3413351,19,8.754807111,2.797517271,5.20E-05,0.04544375,86.28137,96.552748,0.086 ,-0.147 ,0.093 ,-0.064 ,-0.232 ,0.206 ,-0.661 ,-0.422 ,-0.223 ,0.141 ,-0.275 ,0.540 ,-0.027 ,-0.231 ,-0.291 ,0.364 ,0.247 ,-0.519 ,-0.072 
WSEL,6,m3427,246.0496966,19,12.94998403,4.138047079,5.02E-09,0.067219738,129.794805,136.40682,0.076 ,0.027 ,0.086 ,-0.421 ,-0.264 ,-0.190 ,0.157 ,-0.894 ,-0.444 ,-0.418 ,-0.262 ,-0.067 ,-0.803 ,-0.274 ,-0.096 ,-0.539 ,-0.283 ,-0.107 ,-0.374 
WSEL,8,m4384,154.8891786,19,8.152062034,2.604915682,1.77E-04,0.042315069,145.698224,153.70747,0.026 ,-0.232 ,0.073 ,-0.233 ,-0.168 ,-0.117 ,0.058 ,0.300 ,-0.552 ,-0.212 ,-0.463 ,0.176 ,0.015 ,-0.094 ,-0.104 ,0.099 ,0.540 ,0.102 ,-0.178 
WSGYPP,1,m348,19509.89359,19,1026.836505,3.157456312,4.75E-06,0.06265058,147.723127,170.535856,-1.066 ,4.963 ,-4.858 ,-3.450 ,1.738 ,0.744 ,0.205 ,1.024 ,-0.802 ,0.557 ,1.469 ,-0.255 ,-5.496 ,4.246 ,-2.654 ,-2.383 ,-2.244 ,2.553 ,-4.490 
WSGYPP,2,m1158,17962.93691,19,945.4177322,2.907098815,2.51E-05,0.05768296,101.542629,151.734527,-0.656 ,0.580 ,4.891 ,2.068 ,-2.454 ,-4.678 ,-1.463 ,-5.406 ,-3.141 ,-4.795 ,-1.586 ,-0.062 ,0.922 ,-2.927 ,-2.755 ,-0.281 ,-0.706 ,-2.769 ,1.752 
WSGYPP,3,m1731,14720.29825,19,774.7525397,2.382314308,6.88E-04,0.047270131,162.31391,170.122717,-4.235 ,-3.002 ,-0.989 ,-0.572 ,-0.407 ,2.651 ,0.976 ,0.144 ,4.445 ,-1.465 ,3.013 ,-2.989 ,1.804 ,-3.264 ,1.053 ,-0.138 ,5.051 ,3.271 ,2.848 
WSGYPP,3,m2001,16411.77455,19,863.7776081,2.656060676,1.27E-04,0.052701835,217.936233,222.478187,0.135 ,-3.355 ,-0.306 ,0.866 ,-0.519 ,-0.475 ,-3.458 ,1.686 ,-1.863 ,-2.476 ,-1.628 ,-1.681 ,-3.137 ,-2.789 ,-3.012 ,-0.626 ,-7.388 ,-0.448 ,-0.137 
WSGYPP,7,m3633,17741.26426,19,933.7507507,2.871223596,3.18E-05,0.05697112,0,4.583868,0.408 ,-0.176 ,2.381 ,0.364 ,-1.834 ,4.647 ,-0.655 ,6.357 ,3.163 ,2.063 ,-2.729 ,3.878 ,-2.548 ,1.221 ,0.924 ,-4.369 ,4.886 ,4.893 ,0.790 
WSGYPP,7,m3895,15465.04072,19,813.9495114,2.502842479,3.30E-04,0.049661663,134.141991,147.577677,2.087 ,4.484 ,4.272 ,-0.940 ,-1.861 ,5.407 ,1.198 ,-1.987 ,-3.073 ,0.024 ,-2.465 ,-1.851 ,-0.294 ,2.436 ,0.482 ,3.417 ,4.188 ,3.657 ,-2.276 
WSGYPP,8,m4365,17019.64161,19,895.7706111,2.754437106,6.77E-05,0.05465383,144.669282,157.753594,-1.861 ,4.001 ,2.021 ,-2.760 ,-1.450 ,-1.167 ,0.339 ,-1.306 ,-3.527 ,0.537 ,-4.731 ,-4.410 ,4.550 ,0.699 ,-3.611 ,0.498 ,4.841 ,1.599 ,-0.499 
WSGYPP,9,m4746,23048.72097,19,1213.090577,3.730175625,9.02E-08,0.074014537,122.593999,125.899041,2.055 ,1.317 ,-3.583 ,-2.013 ,0.399 ,-4.320 ,-4.348 ,-3.984 ,-3.770 ,1.537 ,0.196 ,-0.727 ,0.879 ,-0.063 ,-0.091 ,-5.708 ,1.286 ,-6.500 ,-1.859 
WSGYPP,10,m5102,22843.47178,19,1202.287988,3.696958357,1.14E-07,0.073355436,101.870047,115.61155,-2.905 ,6.401 ,-5.390 ,-0.733 ,3.966 ,-3.015 ,-3.008 ,-2.443 ,3.853 ,0.270 ,2.855 ,-2.978 ,-1.110 ,-3.966 ,0.464 ,5.495 ,-0.010 ,-0.857 ,1.016 
WSKNPR,1,m211,1170.976348,19,61.63033412,3.397781407,9.29E-07,0.103115331,43.756831,52.083093,-0.817 ,-0.043 ,0.471 ,-0.778 ,-0.639 ,-0.439 ,-0.553 ,-0.442 ,-0.713 ,-0.114 ,0.242 ,0.145 ,-0.706 ,-0.472 ,-0.936 ,0.433 ,0.220 ,-1.249 ,-1.472 
WSKNPR,3,m2030,941.3645327,19,49.54550172,2.731524775,7.87E-05,0.082895881,226.872469,227.354405,-0.155 ,-0.607 ,-0.472 ,0.525 ,0.393 ,0.527 ,-0.533 ,0.047 ,0.055 ,-0.505 ,0.105 ,-0.546 ,-0.911 ,-0.806 ,-0.759 ,0.652 ,-1.218 ,-0.062 ,0.711 
WSKNPR,5,m2718,848.0795062,19,44.63576349,2.460842854,4.29E-04,0.074681269,20.90581,42.229129,0.448 ,0.126 ,0.638 ,0.057 ,0.096 ,0.119 ,0.512 ,0.409 ,-0.122 ,0.486 ,0.145 ,0.645 ,-0.477 ,0.461 ,0.002 ,-0.010 ,1.066 ,1.072 ,-0.160 
WSKNPR,6,m3420,999.980856,19,52.63057137,2.901609726,2.62E-05,0.088057592,123.078958,131.760561,-0.440 ,0.111 ,0.333 ,-0.451 ,-0.458 ,-0.836 ,-0.654 ,-2.029 ,-0.078 ,-0.756 ,-0.577 ,-0.181 ,-0.769 ,-0.796 ,-0.269 ,-0.531 ,-0.878 ,-0.345 ,-0.611 
WSKNPR,7,m3632,973.224891,19,51.22236269,2.823972871,4.34E-05,0.085701481,0,4.583868,-0.019 ,-0.070 ,0.424 ,-0.054 ,-0.498 ,0.792 ,0.550 ,1.018 ,-0.069 ,0.381 ,-0.569 ,1.596 ,0.117 ,-0.074 ,0.386 ,-0.426 ,1.280 ,0.395 ,0.111 
WSKNPR,8,m4192,1084.37763,19,57.07250686,3.146500915,5.15E-06,0.095489511,20.928106,69.119154,-0.811 ,0.697 ,-0.628 ,-0.002 ,-0.516 ,0.584 ,-0.853 ,-0.421 ,-0.465 ,0.043 ,-0.302 ,-0.802 ,1.260 ,0.423 ,-0.227 ,-0.175 ,1.709 ,-0.608 ,-0.213 
WSKNPR,9,m4585,1023.814928,19,53.88499621,2.970768225,1.66E-05,0.090156403,21.810222,107.623328,0.435 ,0.799 ,-0.852 ,-0.222 ,0.129 ,-0.966 ,-0.425 ,-0.341 ,-0.481 ,-0.025 ,-0.297 ,-0.770 ,0.180 ,0.017 ,-0.298 ,-1.519 ,-0.019 ,-1.173 ,-0.155 
WSKNPR,10,m5210,861.9533929,19,45.36596805,2.501100229,3.35E-04,0.075902993,133.269222,139.079862,0.061 ,0.278 ,-0.091 ,-0.716 ,0.244 ,0.212 ,0.028 ,-0.299 ,0.633 ,-0.860 ,0.681 ,-0.857 ,0.471 ,-0.351 ,0.261 ,0.994 ,0.144 ,1.484 ,0.210 
WSKWEI,1,m138,711.4235849,19,37.44334658,3.51596988,4.38E-07,0.043289257,26.912299,33.889503,0.891 ,-0.438 ,-0.234 ,-0.337 ,-0.236 ,-1.430 ,-0.441 ,-0.835 ,-0.436 ,0.385 ,-0.427 ,-0.688 ,0.647 ,0.319 ,-0.113 ,-0.211 ,0.413 ,-1.628 ,0.310 
WSKWEI,1,m529,606.6301815,19,31.92790429,2.998064011,1.45E-05,0.036912707,220.095285,222.009213,-1.321 ,0.127 ,-0.316 ,-0.221 ,0.107 ,-0.185 ,-0.216 ,-0.391 ,-0.012 ,0.094 ,0.614 ,-0.309 ,-1.131 ,-0.385 ,-0.143 ,-0.736 ,0.075 ,-1.255 ,-0.734 
WSKWEI,1,m685,619.701585,19,32.6158729,3.062664991,9.45E-06,0.037708086,266.095898,267.867294,0.535 ,0.662 ,0.729 ,0.554 ,-0.270 ,-0.031 ,-0.581 ,0.402 ,0.003 ,0.746 ,-0.045 ,-1.113 ,0.612 ,-0.552 ,0.412 ,0.512 ,-0.451 ,1.482 ,-0.394 
WSKWEI,3,m1487,509.2693251,19,26.80364869,2.516890986,3.12E-04,0.030988417,0,4.33231,-0.813 ,0.030 ,0.145 ,0.086 ,0.484 ,1.060 ,-0.229 ,-0.144 ,1.472 ,0.459 ,0.245 ,0.310 ,-0.080 ,-0.201 ,-0.151 ,0.663 ,0.935 ,0.495 ,-0.104 
WSKWEI,4,m2153,611.5520459,19,32.18694979,3.022388657,1.23E-05,0.037212196,25.786858,37.107791,-0.392 ,0.637 ,0.417 ,-0.618 ,0.018 ,-0.074 ,0.793 ,0.430 ,0.486 ,1.313 ,-0.934 ,0.094 ,0.090 ,0.315 ,0.867 ,0.222 ,-0.205 ,-0.390 ,-0.388 
WSKWEI,4,m2455,839.250013,19,44.17105331,4.147708664,5.05E-09,0.05106734,200.743805,205.878829,1.203 ,0.177 ,0.754 ,0.604 ,0.221 ,1.106 ,0.031 ,-0.114 ,0.610 ,0.323 ,0.525 ,0.402 ,0.301 ,0.043 ,0.295 ,0.733 ,-0.218 ,2.355 ,0.103 
WSKWEI,5,m2939,755.7838508,19,39.77809741,3.735205455,9.49E-08,0.045988526,177.221338,178.5228,0.204 ,-0.756 ,-0.559 ,-0.609 ,-0.677 ,-1.208 ,0.320 ,-0.527 ,0.298 ,-0.635 ,-1.684 ,0.273 ,-0.102 ,-0.934 ,-0.468 ,-0.111 ,-0.306 ,0.417 ,0.378 
WSKWEI,6,m3247,654.3515914,19,34.43955744,3.233910901,3.01E-06,0.039816496,60.191992,69.866956,1.432 ,1.038 ,-0.721 ,0.393 ,-0.683 ,0.251 ,-0.010 ,0.082 ,0.058 ,-0.635 ,0.779 ,-0.097 ,-0.518 ,-0.237 ,-0.438 ,-0.097 ,0.024 ,0.110 ,-0.071 
WSKWEI,6,m3517,541.8523987,19,28.5185473,2.67792178,1.14E-04,0.032971058,152.072579,154.773085,0.704 ,-0.865 ,0.154 ,-0.206 ,0.272 ,-0.284 ,0.235 ,-0.847 ,0.154 ,-0.071 ,-0.678 ,-0.640 ,-0.596 ,-0.696 ,-1.030 ,-0.318 ,-0.164 ,0.222 ,-0.705 
WSKWEI,7,m3993,618.3181758,19,32.54306188,3.05582796,9.89E-06,0.037623907,161.288007,167.81475,0.656 ,0.888 ,0.751 ,0.380 ,0.490 ,-0.207 ,0.533 ,-0.109 ,0.457 ,0.338 ,1.035 ,-0.148 ,-0.167 ,-0.177 ,0.579 ,0.860 ,0.179 ,-0.264 ,0.760 
WSKWEI,9,m4645,870.4666651,19,45.81403501,4.301986384,1.66E-09,0.052966835,34.784986,91.475231,-1.071 ,0.183 ,-1.204 ,-0.659 ,-0.258 ,-1.514 ,-0.626 ,0.047 ,-0.454 ,1.491 ,-0.531 ,-1.046 ,1.042 ,0.466 ,-0.488 ,0.162 ,0.778 ,0.803 ,-0.530 
WSKWEI,9,m4768,877.3392306,19,46.17574898,4.335951709,1.29E-09,0.053385022,129.342543,131.874251,2.175 ,-0.274 ,-0.031 ,0.763 ,0.085 ,1.447 ,-0.197 ,-0.414 ,1.315 ,-0.559 ,0.781 ,1.148 ,0.478 ,0.368 ,-0.143 ,0.433 ,0.226 ,1.124 ,0.126 
WSKWEI,10,m5192,658.1062014,19,34.63716849,3.252466787,2.65E-06,0.04004496,132.510965,133.725851,-0.391 ,0.923 ,-0.635 ,-0.460 ,-0.426 ,0.200 ,-0.975 ,0.851 ,-0.266 ,-0.778 ,-0.343 ,-0.348 ,-0.862 ,-0.138 ,0.769 ,-0.383 ,-0.116 ,-0.171 ,0.569 
WSPH,1,m65,22145.83878,19,1165.570462,4.202377379,3.01E-09,0.02844781,12.398055,14.449301,2.784 ,-1.611 ,0.211 ,-8.613 ,0.964 ,-0.403 ,0.321 ,1.572 ,0.491 ,-4.143 ,-5.443 ,-2.096 ,0.501 ,-0.928 ,-0.225 ,-0.742 ,1.141 ,7.185 ,-0.363 
WSPH,1,m271,24054.09244,19,1266.004865,4.564486131,2.10E-10,0.030899089,66.770205,74.046439,0.058 ,-0.376 ,7.164 ,2.802 ,-1.231 ,6.090 ,-0.869 ,0.502 ,-0.635 ,-0.812 ,3.171 ,-1.245 ,2.500 ,5.143 ,0.551 ,1.275 ,8.686 ,3.063 ,2.002 
WSPH,1,m463,21149.07904,19,1113.109423,4.013233015,1.19E-08,0.027167406,199.485129,202.767051,-0.745 ,-2.772 ,0.636 ,-4.038 ,-4.904 ,-0.418 ,-2.118 ,1.568 ,-0.023 ,-1.441 ,6.717 ,0.891 ,2.460 ,-4.576 ,-4.162 ,0.330 ,-1.935 ,8.054 ,-6.562 
WSPH,1,m621,17781.15975,19,935.8505134,3.374139236,1.08E-06,0.022841088,246.479303,252.257443,-5.267 ,-0.295 ,3.656 ,-4.076 ,1.719 ,-5.241 ,1.001 ,0.986 ,-4.319 ,-3.527 ,-1.035 ,4.468 ,-3.846 ,4.677 ,-4.831 ,3.876 ,1.722 ,3.325 ,-1.060 
WSPH,1,m670,16060.80715,19,845.3056393,3.047686444,9.90E-06,0.02063118,258.427547,263.198847,3.058 ,0.735 ,-2.544 ,1.504 ,-3.983 ,3.949 ,-2.307 ,-6.035 ,5.509 ,3.210 ,3.719 ,-1.478 ,2.746 ,-2.530 ,2.465 ,2.027 ,-2.251 ,-4.675 ,-2.854 
WSPH,2,m964,15869.6462,19,835.2445366,3.011411889,1.26E-05,0.020385621,17.610076,18.760961,-2.688 ,-2.446 ,-0.195 ,-0.732 ,1.342 ,-5.166 ,-1.522 ,-3.649 ,2.653 ,-0.864 ,0.604 ,1.430 ,-4.576 ,-0.310 ,-3.564 ,0.842 ,2.559 ,4.417 ,1.176 
WSPH,3,m1693,17234.73055,19,907.0910818,3.27044925,2.20E-06,0.022139163,148.999985,150.828527,-1.406 ,-4.270 ,0.694 ,0.213 ,-2.706 ,-1.264 ,-0.277 ,-4.212 ,2.680 ,-2.561 ,3.916 ,0.519 ,0.372 ,-2.697 ,1.637 ,-3.551 ,4.403 ,-3.905 ,-2.607 
WSPH,3,m1866,22062.63544,19,1161.191339,4.186588778,3.38E-09,0.02834093,194.466813,199.27399,-2.157 ,1.134 ,-6.112 ,-2.880 ,0.888 ,0.885 ,-5.332 ,-2.387 ,-3.552 ,-0.658 ,1.687 ,-4.917 ,-3.293 ,-0.043 ,-2.788 ,-2.281 ,-4.853 ,5.862 ,-1.609 
WSPH,4,m2133,19054.65008,19,1002.87632,3.615795783,2.01E-07,0.024476972,22.712439,26.805492,-1.771 ,-1.637 ,-4.017 ,1.870 ,-1.519 ,2.146 ,6.610 ,-3.474 ,-3.178 ,1.671 ,-4.736 ,-3.696 ,-1.489 ,-0.317 ,-3.350 ,-4.555 ,-5.167 ,-1.019 ,-5.963 
WSPH,4,m2272,17708.87245,19,932.0459183,3.360422052,1.19E-06,0.02274823,131.254601,152.076798,-3.184 ,-2.151 ,-0.803 ,-8.075 ,-1.006 ,-1.795 ,-1.617 ,2.828 ,-1.779 ,0.377 ,-1.081 ,3.690 ,-3.439 ,-7.710 ,-2.737 ,-3.337 ,4.828 ,-2.336 ,-0.423 
WSPH,4,m2352,17154.03568,19,902.843983,3.255136651,2.44E-06,0.022035505,171.631158,175.372162,-0.115 ,7.040 ,0.803 ,0.662 ,-1.723 ,-1.753 ,-3.948 ,0.295 ,3.408 ,5.070 ,-1.479 ,-2.051 ,-1.549 ,1.047 ,-0.283 ,5.891 ,-0.205 ,5.631 ,0.334 
WSPH,4,m2441,16321.82167,19,859.0432457,3.09721636,7.11E-06,0.020966471,196.514085,200.86943,2.917 ,3.360 ,-0.103 ,3.134 ,4.267 ,1.011 ,6.038 ,1.447 ,-0.368 ,-0.554 ,5.974 ,0.820 ,2.170 ,0.120 ,3.092 ,-0.563 ,1.337 ,-5.077 ,1.114 
WSPH,5,m2849,22414.43367,19,1179.707035,4.25334574,2.08E-09,0.028792838,86.26129,127.605021,0.820 ,-6.364 ,-1.298 ,-3.815 ,-1.528 ,-3.249 ,-3.064 ,-1.345 ,0.089 ,-2.252 ,-6.552 ,0.534 ,-2.591 ,-0.735 ,-0.711 ,0.048 ,-0.415 ,-4.328 ,1.841 
WSPH,5,m3072,21726.37044,19,1143.493181,4.122779389,5.37E-09,0.027908975,203.698142,204.605143,-2.107 ,-3.046 ,-0.542 ,2.432 ,-1.736 ,-5.521 ,-1.929 ,-1.577 ,-3.014 ,-1.581 ,-4.832 ,-0.691 ,-2.504 ,-6.773 ,-2.418 ,-0.181 ,-3.722 ,0.405 ,-0.976 
WSPH,6,m3295,58514.26555,19,3079.698187,11.10362215,1.03E-32,0.075165485,88.905646,90.046561,4.329 ,2.995 ,-1.883 ,2.199 ,-0.128 ,1.899 ,-17.102 ,-0.366 ,2.327 ,2.943 ,2.360 ,3.700 ,2.736 ,1.134 ,0.315 ,2.556 ,2.701 ,2.770 ,-0.306 
WSPH,7,m3905,18961.94846,19,997.9972872,3.598204794,2.28E-07,0.02435789,140.008804,150.078735,-2.731 ,-1.934 ,-2.774 ,-2.005 ,-1.000 ,-3.914 ,0.031 ,-2.036 ,-3.257 ,-3.681 ,-0.941 ,-5.490 ,-6.784 ,-0.281 ,-4.413 ,2.238 ,-0.477 ,4.308 ,-2.046 
WSPH,8,m4227,14677.95129,18,815.4417381,2.940014376,3.13E-05,0.018854809,85.843509,95.580372,-2.197 ,-7.468 ,-6.322 ,-24.301 ,-12.417 ,-3.222 ,10.848 ,-2.400 ,0.518 ,-26.869 ,3.366 ,-1.776 ,-4.084 ,-2.157 ,2.642 ,-3.961 ,-0.927 ,1.763 ,-10.046 
WSPH,8,m4235,15678.95769,18,871.0532049,3.140517372,8.78E-06,0.020140669,95.580372,99.15962,-1.846 ,8.442 ,2.410 ,24.568 ,10.367 ,0.000 ,-13.018 ,0.153 ,-4.505 ,25.387 ,-2.302 ,-0.530 ,0.874 ,-3.938 ,-5.378 ,4.396 ,-4.456 ,-3.939 ,8.474 
WSPH,9,m4706,32261.9459,19,1697.997153,6.122002106,1.52E-15,0.041442626,102.493395,108.343825,4.674 ,0.944 ,5.103 ,2.156 ,4.543 ,1.193 ,-4.778 ,0.879 ,-1.471 ,0.555 ,0.761 ,4.886 ,3.145 ,3.237 ,4.435 ,0.348 ,1.551 ,3.867 ,6.237 
WSPH,10,m5096,37859.99028,19,1992.631067,7.184282714,3.77E-19,0.048633688,97.734675,105.298519,1.723 ,1.885 ,5.164 ,3.376 ,4.083 ,2.446 ,10.397 ,3.324 ,5.713 ,4.430 ,0.065 ,-2.457 ,3.847 ,2.977 ,5.787 ,1.316 ,-0.832 ,-1.094 ,-1.832 
WSSEW,1,m222,27484.68925,19,1446.562592,2.52156945,2.95E-04,0.05858618,50.859352,54.82146,0.231 ,4.558 ,1.362 ,-0.699 ,0.841 ,0.250 ,-0.348 ,-1.433 ,-6.110 ,1.386 ,4.398 ,1.952 ,-6.371 ,-1.773 ,0.276 ,-1.500 ,5.139 ,-0.554 ,-8.114 
WSSEW,3,m2001,35185.01699,19,1851.843,3.228032275,2.97E-06,0.075000147,220.703096,227.354405,-0.773 ,-5.325 ,-1.641 ,0.735 ,-0.986 ,0.597 ,-6.740 ,3.374 ,-4.044 ,-3.930 ,-2.538 ,-2.807 ,-5.344 ,-6.709 ,-2.802 ,-0.917 ,-6.397 ,1.909 ,2.867 
WSSEW,4,m2199,44950.19926,19,2365.799961,4.123934174,5.44E-09,0.095815545,71.53559,82.012835,3.085 ,-4.034 ,-1.883 ,5.781 ,-0.707 ,5.726 ,5.221 ,-7.853 ,-9.915 ,13.593 ,3.296 ,6.877 ,-4.372 ,8.379 ,-6.131 ,21.677 ,-2.826 ,12.126 ,7.855 
WSSEW,4,m2261,34835.35096,19,1833.439524,3.195952335,3.69E-06,0.074254802,145.319572,152.430493,-4.283 ,5.064 ,0.166 ,-5.904 ,2.427 ,-8.421 ,-2.796 ,0.096 ,16.691 ,-13.194 ,-3.089 ,-8.493 ,3.702 ,-6.171 ,0.051 ,-15.041 ,-0.466 ,-7.746 ,-3.998 
WSSEW,6,m3445,34549.71753,19,1818.406186,3.169747035,4.41E-06,0.073645947,132.885869,141.510604,-1.581 ,3.292 ,4.800 ,-4.844 ,-1.799 ,-3.600 ,0.519 ,-3.616 ,-2.403 ,-6.350 ,0.461 ,0.784 ,-5.515 ,-2.207 ,-0.982 ,-3.393 ,-4.054 ,-2.561 ,-7.012 
WSSEW,7,m3638,36209.62772,19,1905.76988,3.322034688,1.57E-06,0.077184201,0,5.037335,0.077 ,-1.023 ,0.794 ,-1.028 ,-4.783 ,4.815 ,1.925 ,7.084 ,0.884 ,-1.587 ,-4.349 ,6.607 ,-4.367 ,-0.328 ,2.560 ,-1.234 ,8.695 ,6.778 ,1.594 
WSSEW,7,m4071,31490.43511,19,1657.391321,2.889074657,2.85E-05,0.067124801,172.881123,173.79744,-1.490 ,1.670 ,4.126 ,-1.800 ,2.653 ,3.821 ,-0.258 ,3.374 ,5.061 ,3.173 ,4.487 ,0.645 ,6.205 ,1.545 ,-0.157 ,5.063 ,6.720 ,7.821 ,7.035 
WSSEW,8,m4364,38651.59372,19,2034.294406,3.546071672,3.33E-07,0.082389479,145.222064,147.065738,-2.283 ,5.937 ,2.296 ,-2.139 ,-4.924 ,-2.408 ,-0.736 ,-4.814 ,-4.781 ,-0.387 ,-1.705 ,-9.755 ,7.778 ,-0.838 ,-5.342 ,0.155 ,9.304 ,-2.420 ,-2.701 
WSSEW,9,m4579,36734.06618,19,1933.371904,3.37014904,1.13E-06,0.07830209,17.668818,21.965125,1.187 ,2.775 ,-6.085 ,-0.595 ,0.267 ,-3.204 ,-5.866 ,-3.566 ,-2.141 ,-0.040 ,-0.931 ,-3.590 ,-0.167 ,-1.098 ,0.464 ,-8.612 ,-3.555 ,-9.645 ,-3.654 
WWASI,1,m270,158.0240348,19,8.317054465,2.503631406,3.31E-04,0.02921877,66.770205,77.487364,-0.278 ,-0.194 ,0.274 ,0.026 ,-0.284 ,-0.318 ,0.214 ,0.105 ,0.103 ,-0.025 ,-0.427 ,0.687 ,0.240 ,0.094 ,-0.527 ,-0.115 ,-0.510 ,0.288 ,-0.022 
WWASI,1,m425,170.0909042,19,8.952152854,2.694811141,1.00E-04,0.031449944,188.073047,192.041585,0.089 ,-0.531 ,0.454 ,0.055 ,-0.084 ,0.132 ,-0.697 ,0.223 ,0.174 ,0.388 ,0.321 ,0.082 ,0.518 ,-0.331 ,0.760 ,0.453 ,0.484 ,0.419 ,0.316 
WWASI,1,m459,159.3627523,19,8.387513279,2.524841186,2.91E-04,0.0294663,198.46912,211.51991,-0.344 ,0.114 ,-0.459 ,-0.116 ,0.109 ,0.062 ,0.722 ,-0.119 ,-0.002 ,-0.407 ,-0.516 ,-0.679 ,-0.137 ,0.132 ,-0.892 ,-0.175 ,0.140 ,-0.050 ,-0.104 
WWASI,1,m705,220.7723157,19,11.61959557,3.497774904,4.71E-07,0.040820978,269.143016,278.504435,0.129 ,-0.158 ,0.032 ,0.350 ,-0.025 ,0.117 ,0.169 ,0.399 ,0.571 ,-0.120 ,-0.025 ,0.534 ,-0.002 ,-0.248 ,0.706 ,0.571 ,0.109 ,0.137 ,0.048 
WWASI,2,m942,157.3544765,19,8.281814555,2.493023354,3.54E-04,0.029094968,11.397618,15.986559,-0.357 ,0.146 ,-0.193 ,-0.259 ,0.058 ,-0.258 ,-0.085 ,0.050 ,-0.056 ,-0.442 ,-0.186 ,-0.228 ,-0.309 ,0.151 ,0.201 ,-0.178 ,-0.135 ,0.111 ,-0.714 
WWASI,2,m1174,181.5662025,19,9.55611592,2.876618403,3.11E-05,0.033571736,139.18315,145.058939,-0.028 ,-0.046 ,0.258 ,-0.085 ,0.146 ,0.275 ,0.094 ,-0.112 ,0.015 ,0.380 ,0.805 ,0.280 ,0.351 ,0.321 ,0.128 ,0.327 ,-0.363 ,0.090 ,0.243 
WWASI,3,m1524,151.0285509,19,7.948871099,2.392799447,6.51E-04,0.0279253,9.065339,12.883109,0.369 ,-0.217 ,-0.592 ,-0.251 ,0.122 ,-0.134 ,-0.104 ,0.025 ,0.094 ,-0.163 ,0.032 ,-0.305 ,-0.193 ,-0.057 ,-0.365 ,-0.436 ,-0.103 ,-0.212 ,0.488 
WWASI,3,m1738,170.481879,19,8.972730472,2.701005494,9.62E-05,0.031522236,165.704304,166.254061,-0.974 ,-0.243 ,0.608 ,-0.345 ,0.175 ,1.297 ,-0.202 ,-0.343 ,-0.688 ,-0.746 ,-0.598 ,-4.818 ,-0.176 ,-0.641 ,-0.379 ,0.145 ,-0.020 ,-0.122 ,-1.314 
WWASI,3,m1747,186.0710469,19,9.793212995,2.947990268,1.95E-05,0.034404685,166.793982,170.49191,1.372 ,0.199 ,-0.743 ,0.482 ,-0.301 ,-1.053 ,0.003 ,-0.054 ,0.331 ,0.830 ,0.364 ,5.043 ,0.263 ,0.548 ,0.706 ,0.005 ,0.471 ,0.278 ,0.612 
WWASI,4,m2205,153.8262369,19,8.096117734,2.43712419,4.98E-04,0.028442594,31.114666,102.833766,-0.039 ,0.060 ,-0.454 ,-0.439 ,0.319 ,0.094 ,0.058 ,0.636 ,-0.390 ,-0.300 ,0.039 ,0.291 ,-0.104 ,-0.241 ,-0.263 ,-0.250 ,0.092 ,-0.344 ,0.455 
WWASI,5,m2829,266.5898091,19,14.03104258,4.223677867,2.68E-09,0.049292669,74.450741,92.292822,-0.457 ,0.127 ,0.036 ,0.127 ,-0.012 ,0.139 ,-0.488 ,-0.494 ,0.238 ,0.035 ,0.748 ,0.331 ,-0.037 ,0.468 ,-0.060 ,0.148 ,-0.274 ,-0.263 ,-0.525 
WWASI,5,m3096,215.154329,19,11.32391206,3.408767128,8.72E-07,0.039782207,207.5061,209.742951,0.446 ,-0.236 ,0.398 ,0.236 ,0.095 ,-0.337 ,-0.413 ,0.632 ,-0.263 ,-0.207 ,0.348 ,0.439 ,0.252 ,0.125 ,-0.388 ,-0.154 ,0.149 ,-0.020 ,0.136 
WWASI,6,m3213,169.8985288,19,8.942027831,2.691763268,1.02E-04,0.031414374,10.354273,27.803455,-0.045 ,-0.089 ,0.036 ,0.125 ,0.048 ,0.178 ,-0.028 ,0.306 ,0.144 ,0.072 ,0.794 ,0.578 ,0.007 ,0.246 ,0.394 ,-0.305 ,0.068 ,-0.172 ,0.465 
WWASI,6,m3420,234.9603147,19,12.36633235,3.722560456,9.76E-08,0.04344435,129.794805,132.885869,-0.236 ,-0.129 ,-0.017 ,-0.447 ,0.077 ,0.783 ,0.104 ,-0.128 ,0.142 ,-0.176 ,-0.477 ,0.765 ,-0.167 ,0.068 ,0.373 ,0.010 ,0.011 ,0.404 ,-1.183 
WWASI,6,m3521,254.0048619,19,13.36867694,4.024290041,1.14E-08,0.046965702,153.218035,155.436486,0.453 ,0.440 ,0.432 ,0.353 ,-0.298 ,-0.207 ,-0.192 ,-0.196 ,0.151 ,0.598 ,-0.008 ,-0.899 ,0.315 ,0.247 ,-0.076 ,0.169 ,-0.210 ,0.147 ,0.859 
WWASI,6,m3623,198.2528391,19,10.43435995,3.140990767,5.40E-06,0.036657108,165.151597,168.690251,0.139 ,-0.152 ,-0.133 ,-0.103 ,0.391 ,-0.134 ,0.407 ,0.204 ,0.123 ,-0.090 ,0.206 ,0.699 ,-0.223 ,0.133 ,-0.215 ,0.205 ,0.612 ,0.513 ,-0.258 
WWASI,7,m3959,203.299608,19,10.69997937,3.220948534,3.15E-06,0.03759026,158.754284,159.891097,-0.223 ,-0.366 ,-0.335 ,-0.134 ,0.065 ,-0.238 ,0.279 ,-0.380 ,-0.484 ,-0.197 ,0.030 ,-0.364 ,-0.288 ,-0.269 ,-0.060 ,-0.095 ,-0.149 ,0.499 ,0.419 
WWASI,8,m4281,266.7798606,19,14.0410453,4.226688922,2.63E-09,0.049327809,119.267966,129.119661,0.008 ,-0.380 ,-0.424 ,-0.231 ,-0.479 ,-0.435 ,-0.238 ,-0.387 ,-0.243 ,0.144 ,-0.066 ,-0.645 ,-0.018 ,-0.660 ,-0.022 ,0.215 ,0.099 ,-0.158 ,0.348 
WWASI,9,m4710,239.9196804,19,12.6273516,3.801133463,5.59E-08,0.044361341,103.175984,110.928026,-0.085 ,-0.342 ,0.162 ,0.293 ,-0.246 ,0.569 ,0.833 ,0.128 ,0.274 ,-0.028 ,-0.378 ,0.057 ,-0.713 ,-0.227 ,0.037 ,0.140 ,0.098 ,-0.481 ,0.548 
WWEL,1,m112,167.8797373,19,8.835775646,2.850553295,3.63E-05,0.031233039,24.799418,33.889503,-0.083 ,0.109 ,-0.090 ,0.210 ,-0.112 ,-0.362 ,-0.101 ,-0.148 ,0.314 ,0.002 ,-0.086 ,0.084 ,-0.144 ,-0.369 ,-0.722 ,0.451 ,-0.143 ,0.064 ,-0.373 
WWEL,1,m255,230.6375677,19,12.13881935,3.916164566,2.39E-08,0.042908764,64.717334,70.769025,0.059 ,-0.012 ,0.203 ,-0.111 ,-0.534 ,-0.035 ,0.022 ,0.348 ,-0.683 ,0.154 ,-0.059 ,-0.120 ,-0.367 ,0.206 ,0.065 ,0.606 ,0.266 ,-0.471 ,-0.468 
WWEL,1,m667,147.1611303,19,7.745322647,2.498756858,3.38E-04,0.027378464,251.379219,259.21082,-0.020 ,0.377 ,0.026 ,0.205 ,-0.468 ,-0.014 ,0.176 ,0.356 ,-0.121 ,-0.037 ,-0.326 ,-0.493 ,0.123 ,0.204 ,-0.228 ,0.187 ,0.119 ,-0.248 ,-0.073 
WWEL,2,m1121,672.7947626,19,35.41025066,11.42387615,8.16E-34,0.125169512,60.663561,69.179536,0.046 ,0.491 ,0.506 ,0.181 ,0.536 ,0.954 ,0.226 ,0.571 ,0.688 ,0.727 ,0.708 ,0.345 ,0.244 ,0.049 ,0.731 ,0.127 ,-0.229 ,1.270 ,0.723 
WWEL,3,m1489,131.1317669,19,6.901671942,2.22658253,0.001731974,0.024396295,0,4.33231,-0.247 ,0.022 ,-0.449 ,-0.152 ,-0.249 ,-0.443 ,-0.156 ,-0.175 ,0.086 ,0.036 ,-0.090 ,-0.097 ,-0.105 ,-0.269 ,-0.168 ,-0.049 ,-0.335 ,-0.498 ,0.032 
WWEL,3,m1955,156.4371814,19,8.233535864,2.656261739,1.26E-04,0.029104218,207.418968,219.827926,-0.287 ,0.106 ,-0.320 ,0.027 ,0.374 ,-0.128 ,-0.244 ,0.252 ,-0.150 ,-0.726 ,0.077 ,-0.088 ,-0.110 ,0.334 ,-0.273 ,-0.321 ,-0.033 ,-0.011 ,0.116 
WWEL,5,m2605,151.5253457,19,7.975018193,2.572860074,2.14E-04,0.0281904,0,4.767248,0.192 ,-0.310 ,-0.059 ,-0.140 ,0.278 ,0.102 ,0.230 ,-0.463 ,-0.174 ,-0.196 ,-0.094 ,-0.352 ,-0.175 ,-0.438 ,-0.254 ,-0.309 ,0.187 ,0.135 ,-0.395 
WWEL,5,m2814,199.4836498,19,10.49913946,3.387179325,9.90E-07,0.037112761,70.882815,74.450741,0.196 ,-0.111 ,-0.074 ,0.087 ,-0.266 ,-0.277 ,0.240 ,0.011 ,0.452 ,-0.434 ,0.440 ,0.000 ,-0.092 ,-0.007 ,0.273 ,-0.236 ,0.337 ,0.376 ,0.347 
WWEL,5,m3102,293.8811564,19,15.46742928,4.990023884,8.79E-12,0.054674862,206.973117,208.985355,-0.511 ,0.128 ,-0.025 ,-0.186 ,-0.067 ,-0.405 ,-0.223 ,-0.431 ,-0.112 ,-0.389 ,-0.232 ,0.420 ,-0.086 ,-0.497 ,0.058 ,-0.546 ,-0.533 ,-0.421 ,0.003 
WWEL,6,m3261,191.2053286,19,10.06343835,3.246615632,2.59E-06,0.035572628,55.637639,72.476878,0.005 ,0.145 ,0.181 ,0.059 ,-0.180 ,0.286 ,-0.852 ,-0.190 ,-0.063 ,-0.277 ,0.115 ,0.365 ,0.227 ,-0.218 ,-0.093 ,0.389 ,-0.014 ,-0.201 ,0.120 
WWEL,6,m3429,389.7828359,19,20.5148861,6.618408899,3.22E-17,0.072516806,132.885869,135.656324,0.054 ,0.179 ,-0.537 ,-0.353 ,-0.449 ,-0.063 ,-0.213 ,-1.462 ,-0.393 ,-0.084 ,0.068 ,-0.428 ,-0.403 ,-0.396 ,0.069 ,-0.618 ,0.016 ,-0.314 ,-0.286 
WWEL,7,m3947,166.3901167,19,8.757374564,2.825259934,4.28E-05,0.030955904,154.626355,158.24066,-0.046 ,-0.415 ,-0.024 ,0.030 ,-0.231 ,-0.598 ,0.230 ,0.730 ,-0.272 ,-0.416 ,-0.327 ,0.175 ,-0.416 ,-0.159 ,0.048 ,-0.306 ,0.293 ,0.163 ,-0.272 
WWEL,7,m3984,141.1650863,19,7.429741384,2.396945625,6.30E-04,0.026262935,161.948675,165.499281,-0.177 ,0.103 ,-0.196 ,-0.214 ,0.479 ,0.115 ,-0.571 ,-0.437 ,0.228 ,0.500 ,0.541 ,-0.380 ,0.414 ,0.214 ,0.040 ,-0.134 ,0.140 ,-0.281 ,0.202 
WWEL,8,m4436,167.6551736,19,8.823956507,2.846740264,3.72E-05,0.03119126,159.709491,164.082981,-0.142 ,-0.274 ,-0.216 ,-0.429 ,-0.046 ,-0.182 ,0.149 ,-0.154 ,-0.245 ,-0.127 ,-0.466 ,0.057 ,-0.300 ,-0.066 ,-0.480 ,0.094 ,0.034 ,-0.221 ,-0.108 
WWEL,9,m4572,201.0507951,19,10.5816208,3.413789035,8.24E-07,0.037404319,16.249046,23.212585,0.347 ,0.008 ,0.064 ,0.293 ,0.392 ,0.232 ,0.133 ,-0.089 ,-0.367 ,0.135 ,0.062 ,0.447 ,0.059 ,0.162 ,0.244 ,-0.626 ,0.180 ,-0.311 ,-0.197 
WWEL,9,m4819,173.9361923,19,9.154536439,2.953390291,1.85E-05,0.032359807,141.367683,145.118037,0.268 ,0.338 ,0.232 ,-0.022 ,0.520 ,0.294 ,0.179 ,0.405 ,0.233 ,0.428 ,-0.009 ,0.409 ,0.212 ,-0.006 ,-0.190 ,0.570 ,0.169 ,-0.016 ,0.055 
WWEL,10,m5047,238.8599915,19,12.5715785,4.055779135,8.75E-09,0.044438498,24.651514,89.984257,-0.196 ,-0.319 ,-0.094 ,-0.143 ,0.083 ,-0.273 ,-0.334 ,-0.543 ,0.281 ,0.121 ,-0.349 ,-0.260 ,-0.032 ,-0.731 ,-0.163 ,0.081 ,0.476 ,0.194 ,-0.595 
WWGYPP,1,m323,35083.49743,19,1846.499865,2.559642837,2.30E-04,0.043338656,72.701676,104.608452,-6.983 ,4.855 ,-3.632 ,-3.566 ,1.454 ,-1.110 ,1.147 ,-0.799 ,-0.632 ,-1.071 ,3.435 ,-0.950 ,-6.659 ,0.129 ,-1.917 ,-5.072 ,-0.103 ,0.919 ,-6.709 
WWGYPP,3,m1866,42063.56887,19,2213.872046,3.068899074,8.47E-06,0.05196114,191.837503,197.247985,-8.118 ,2.080 ,-3.236 ,-4.236 ,2.086 ,-3.024 ,-1.942 ,-6.699 ,-1.672 ,-7.859 ,-3.109 ,-5.809 ,-1.705 ,2.064 ,-5.994 ,-6.725 ,-1.696 ,-1.943 ,-2.553 
WWGYPP,3,m2001,32129.03467,19,1691.001825,2.344089372,8.59E-04,0.039689007,220.703096,223.690121,3.138 ,-2.552 ,-2.092 ,-3.822 ,0.374 ,-3.116 ,-7.190 ,3.212 ,-3.391 ,-3.313 ,0.147 ,-2.481 ,-4.084 ,-4.645 ,-3.871 ,-0.708 ,-4.786 ,2.843 ,3.648 
WWGYPP,4,m2386,40022.64275,19,2106.454881,2.919995962,2.28E-05,0.049439983,183.73759,185.180701,-1.748 ,-1.889 ,-3.145 ,5.439 ,-6.001 ,-4.564 ,-0.410 ,-6.621 ,5.512 ,2.298 ,-2.639 ,-2.815 ,-3.957 ,-3.663 ,0.426 ,5.940 ,-3.751 ,0.590 ,0.668 
WWGYPP,5,m2716,38965.43493,19,2050.812365,2.84286356,3.77E-05,0.048134014,17.891067,23.573877,9.251 ,-3.882 ,0.721 ,5.100 ,0.642 ,-1.438 ,6.065 ,-1.296 ,3.126 ,-1.810 ,0.833 ,-1.077 ,-1.630 ,0.124 ,1.408 ,-7.002 ,2.161 ,-0.129 ,0.130 
WWGYPP,6,m3368,32414.57984,19,1706.030518,2.364922348,7.58E-04,0.040041741,112.597333,118.749686,-2.889 ,-0.619 ,-1.698 ,-1.775 ,0.555 ,-1.369 ,-3.038 ,-9.225 ,-2.399 ,0.994 ,-1.247 ,-4.555 ,-2.249 ,-5.418 ,4.283 ,-4.610 ,-5.690 ,-3.971 ,-1.927 
WWGYPP,8,m4430,36831.0878,19,1938.478305,2.687144583,1.03E-04,0.045497455,157.298429,161.779784,-0.982 ,0.217 ,-0.923 ,-8.147 ,-1.842 ,-6.140 ,-0.858 ,-3.295 ,2.306 ,-1.314 ,-4.281 ,-4.445 ,-1.461 ,-3.456 ,-8.474 ,-2.025 ,5.031 ,-1.617 ,-6.593 
WWGYPP,9,m4570,55851.51054,19,2939.553187,4.074847988,7.39E-09,0.068993389,17.668818,20.902046,2.196 ,9.356 ,-3.306 ,1.909 ,0.256 ,-2.077 ,-5.811 ,-4.437 ,-1.802 ,-3.073 ,2.586 ,6.806 ,2.106 ,-1.368 ,1.064 ,-8.603 ,2.420 ,-7.579 ,-4.215 
WWGYPP,9,m4829,34800.83793,19,1831.623049,2.539020396,2.61E-04,0.042989486,144.991546,146.709217,-2.186 ,-3.050 ,4.561 ,5.034 ,1.935 ,-0.296 ,-0.250 ,1.957 ,-2.765 ,9.021 ,-2.649 ,-4.052 ,5.761 ,-3.240 ,-5.992 ,0.891 ,-0.457 ,9.268 ,1.558 
WWGYPP,10,m4959,43394.68302,19,2283.930685,3.166015298,4.41E-06,0.053605466,11.195539,18.753409,-1.973 ,11.679 ,-5.074 ,-0.039 ,2.386 ,2.184 ,-8.201 ,-0.124 ,0.074 ,4.821 ,-0.128 ,0.901 ,1.060 ,-5.422 ,-2.180 ,1.031 ,2.722 ,3.146 ,-1.725 
WWKNPR,1,m320,1753.932682,19,92.31224642,4.36043134,9.19E-10,0.079377552,91.237347,103.418789,-0.476 ,-0.253 ,-0.542 ,0.107 ,-0.763 ,-0.583 ,-0.737 ,-0.039 ,-0.924 ,0.027 ,-0.648 ,-0.395 ,-1.767 ,0.575 ,-1.163 ,0.617 ,0.340 ,0.047 ,-2.374 
WWKNPR,2,m1100,1178.236309,19,62.01243729,2.929199381,2.15E-05,0.05332332,44.19763,56.925049,-0.074 ,0.197 ,0.708 ,-0.507 ,0.816 ,1.450 ,0.126 ,1.064 ,0.914 ,0.942 ,1.088 ,0.546 ,0.566 ,-0.864 ,-0.168 ,-0.336 ,0.097 ,2.018 ,0.940 
WWKNPR,3,m1902,1145.904085,19,60.3107413,2.84881862,3.63E-05,0.051860064,200.980389,208.043936,-0.808 ,-0.108 ,-0.025 ,-0.324 ,0.652 ,-1.110 ,-0.079 ,-0.222 ,-0.037 ,-0.886 ,-0.285 ,-0.646 ,-0.525 ,0.457 ,-0.626 ,-0.484 ,-0.860 ,-1.272 ,0.752 
WWKNPR,5,m2813,1368.568109,19,72.02990046,3.402381023,8.75E-07,0.061937147,70.622616,127.605021,0.676 ,0.037 ,-0.370 ,-0.150 ,0.399 ,-0.486 ,1.403 ,1.031 ,0.852 ,-0.644 ,0.696 ,-0.378 ,-0.058 ,-0.338 ,0.295 ,-1.076 ,1.318 ,0.957 ,-0.186 
WWKNPR,5,m3114,1094.931235,19,57.62795973,2.72209562,8.24E-05,0.049553191,206.838681,211.73128,-0.747 ,0.362 ,0.580 ,-0.511 ,0.026 ,0.291 ,0.091 ,-1.421 ,0.644 ,-0.773 ,-0.759 ,0.436 ,-0.507 ,-0.479 ,-0.016 ,-0.654 ,-1.275 ,-0.495 ,-0.484 
WWKNPR,6,m3275,1686.897926,19,88.78410135,4.193777023,3.12E-09,0.076343767,53.880832,82.015504,0.085 ,-0.565 ,-0.582 ,-0.581 ,-2.186 ,1.189 ,-0.809 ,-1.573 ,-0.351 ,-1.271 ,0.122 ,-0.534 ,0.605 ,-1.245 ,-0.776 ,0.216 ,-0.386 ,-0.243 ,-0.471 
WWKNPR,6,m3445,1185.022268,19,62.36959307,2.946069875,1.92E-05,0.053630432,132.195277,146.217018,-0.013 ,0.110 ,-0.349 ,-1.003 ,-0.210 ,0.520 ,-0.269 ,-2.213 ,-0.838 ,-0.422 ,0.103 ,-1.145 ,-0.444 ,-0.303 ,0.049 ,-1.226 ,-0.579 ,-0.312 ,-0.895 
WWKNPR,8,m4461,1066.935617,19,56.15450615,2.652496045,1.28E-04,0.048286196,164.936915,165.263882,-0.532 ,0.104 ,-0.136 ,-0.412 ,0.103 ,-0.485 ,-0.116 ,0.776 ,-0.927 ,0.711 ,-1.605 ,0.022 ,-0.323 ,0.012 ,-1.541 ,-0.320 ,-0.054 ,-0.007 ,-0.562 
WWKNPR,9,m4579,1770.020413,19,93.15896908,4.400426857,6.84E-10,0.080105633,20.338357,24.069505,0.668 ,0.558 ,-0.337 ,0.911 ,0.682 ,-0.007 ,-0.068 ,0.625 ,-0.197 ,0.021 ,0.334 ,1.886 ,0.732 ,0.183 ,0.178 ,-1.817 ,0.384 ,-1.177 ,-0.692 
WWKNPR,9,m4904,1013.244049,19,53.32863417,2.519014072,2.96E-04,0.045856282,152.44503,156.413618,-0.127 ,0.083 ,-0.191 ,0.679 ,0.766 ,0.526 ,-0.459 ,-0.245 ,-0.940 ,0.592 ,0.831 ,-0.100 ,0.453 ,-0.122 ,0.192 ,1.251 ,-0.381 ,-0.110 ,-0.050 
WWKNPR,10,m5058,1312.722725,19,69.09066972,3.263544472,2.27E-06,0.059409758,78.132299,88.117978,0.186 ,-0.699 ,-0.646 ,-0.280 ,0.347 ,-0.792 ,-1.613 ,-1.074 ,0.246 ,0.257 ,0.359 ,-0.338 ,-0.390 ,-1.386 ,-0.386 ,0.681 ,1.125 ,-0.089 ,-0.345 
WWKWEI,1,m131,659.0584605,19,34.68728739,3.3762944,1.11E-06,0.024422784,27.173418,33.823184,0.276 ,-0.409 ,-0.482 ,-0.710 ,-0.429 ,-1.036 ,-0.671 ,-0.554 ,-0.038 ,-0.264 ,-0.399 ,-0.789 ,0.594 ,0.444 ,-0.661 ,-0.100 ,0.131 ,-1.610 ,0.170 
WWKWEI,1,m527,527.9022036,19,27.7843265,2.704393252,9.52E-05,0.019562515,217.780151,220.823418,-0.457 ,-0.444 ,-0.830 ,-0.014 ,1.800 ,0.773 ,0.313 ,-0.264 ,-0.873 ,-1.501 ,1.550 ,-0.978 ,0.000 ,-1.136 ,-0.018 ,-0.896 ,0.125 ,-1.445 ,-0.871 
WWKWEI,1,m559,534.5095623,19,28.13208223,2.738242128,7.67E-05,0.019807365,224.372773,241.218354,-0.495 ,0.661 ,0.872 ,-0.179 ,-2.381 ,-1.187 ,0.305 ,-0.505 ,0.592 ,1.764 ,-0.979 ,0.133 ,-0.354 ,0.600 ,-0.229 ,-0.004 ,-1.308 ,1.440 ,0.399 
WWKWEI,2,m874,442.8815811,19,23.3095569,2.268840613,0.00136962,0.016411899,4.203388,10.496171,0.076 ,-0.300 ,-0.280 ,-0.264 ,0.299 ,-0.079 ,-0.096 ,-0.044 ,-0.053 ,0.424 ,-0.146 ,-1.267 ,-0.101 ,-0.331 ,-0.473 ,-0.763 ,-0.229 ,-1.108 ,-0.401 
WWKWEI,2,m1126,603.0723692,19,31.74065101,3.089482929,7.73E-06,0.022348102,70.781638,131.558814,0.307 ,0.349 ,0.799 ,-0.143 ,-0.479 ,-0.332 ,0.091 ,0.223 ,0.706 ,0.676 ,0.067 ,0.015 ,-0.609 ,-0.472 ,0.504 ,0.615 ,0.337 ,2.103 ,0.031 
WWKWEI,2,m1413,587.3039674,19,30.91073513,3.008702892,1.32E-05,0.021763771,216.821561,217.878523,0.282 ,0.575 ,-0.340 ,-0.906 ,-1.022 ,-0.194 ,-0.277 ,-1.086 ,0.387 ,-0.645 ,-0.415 ,-0.161 ,0.807 ,-0.104 ,0.110 ,0.397 ,0.082 ,-0.370 ,-0.900 
WWKWEI,3,m1639,662.7907817,19,34.88372535,3.395414729,9.74E-07,0.024561092,127.613461,128.801579,0.697 ,-0.746 ,-1.341 ,-0.582 ,1.117 ,6.037 ,4.250 ,-1.043 ,-0.427 ,-1.364 ,0.445 ,0.504 ,0.428 ,0.222 ,0.074 ,0.786 ,2.916 ,-5.315 ,0.942 
WWKWEI,3,m1655,882.5077415,19,46.44777587,4.521004014,3.16E-10,0.032703162,134.952317,136.333691,-2.075 ,0.472 ,1.372 ,1.014 ,-0.853 ,-5.452 ,-4.487 ,0.891 ,1.267 ,0.960 ,-0.132 ,-0.395 ,-0.484 ,-1.343 ,-0.451 ,-0.561 ,-2.713 ,5.470 ,-1.947 
WWKWEI,3,m1808,662.2853804,19,34.85712529,3.392825606,9.92E-07,0.024542364,180.744498,184.213228,1.425 ,0.897 ,-0.049 ,-0.214 ,-0.827 ,0.456 ,0.315 ,0.206 ,1.099 ,0.613 ,0.235 ,-0.391 ,0.507 ,0.602 ,0.367 ,-0.299 ,0.504 ,0.281 ,0.492 
WWKWEI,4,m2209,678.2220626,19,35.69589803,3.474467728,5.65E-07,0.025132931,72.816947,152.430493,0.051 ,0.158 ,0.311 ,-0.394 ,-0.126 ,0.520 ,0.354 ,0.331 ,0.046 ,1.356 ,-1.103 ,-0.100 ,0.553 ,0.031 ,0.486 ,0.320 ,-0.412 ,-1.114 ,-0.799 
WWKWEI,4,m2535,701.828333,19,36.93833331,3.595400427,2.44E-07,0.02600771,232.134774,235.761806,0.489 ,0.735 ,0.243 ,0.591 ,-0.098 ,-0.144 ,-0.455 ,-0.625 ,0.834 ,-0.913 ,0.351 ,0.295 ,-0.689 ,0.712 ,-0.013 ,0.903 ,0.199 ,1.606 ,-0.143 
WWKWEI,5,m2769,820.4697658,19,43.18261925,4.203189309,3.22E-09,0.030404216,32.735165,48.678477,0.225 ,-0.919 ,-0.463 ,-0.231 ,-0.645 ,-1.306 ,0.542 ,0.076 ,0.170 ,-0.337 ,-1.461 ,0.481 ,0.385 ,-0.677 ,-0.608 ,-0.454 ,-0.519 ,0.619 ,0.433 
WWKWEI,6,m3306,515.8278832,19,27.14883596,2.642537647,1.41E-04,0.019115076,86.28137,95.632432,0.747 ,1.036 ,0.344 ,0.361 ,-0.108 ,0.376 ,-0.315 ,0.379 ,-0.711 ,0.094 ,0.328 ,-0.031 ,0.392 ,-0.634 ,0.183 ,1.057 ,0.016 ,0.153 ,-0.029 
WWKWEI,6,m3538,657.2849506,19,34.59394477,3.367208875,1.18E-06,0.024357062,156.527399,158.088924,1.199 ,-0.330 ,-0.564 ,0.156 ,0.454 ,-0.302 ,-0.294 ,0.257 ,-0.478 ,-0.298 ,-0.784 ,-1.135 ,-0.348 ,-0.335 ,-0.119 ,-0.414 ,-0.549 ,-0.973 ,-0.670 
WWKWEI,7,m3962,912.8896127,19,48.04682172,4.676647477,1.00E-10,0.033829025,159.745876,160.558199,0.800 ,0.895 ,0.131 ,1.042 ,0.908 ,-0.319 ,0.224 ,0.621 ,0.812 ,1.020 ,0.670 ,0.386 ,0.170 ,-0.575 ,0.384 ,0.702 ,0.191 ,-0.870 ,0.626 
WWKWEI,8,m4108,640.9556466,19,33.73450771,3.283555389,2.09E-06,0.023751946,8.400853,10.080197,-0.641 ,-1.627 ,0.109 ,0.380 ,0.738 ,0.061 ,-0.268 ,0.030 ,0.286 ,0.436 ,0.210 ,-0.301 ,0.670 ,-0.174 ,0.153 ,0.584 ,-0.063 ,1.437 ,0.388 
WWKWEI,8,m4228,655.2275288,19,34.48565941,3.356668897,1.27E-06,0.02428082,80.225837,96.246757,0.733 ,-0.199 ,0.183 ,-0.608 ,-0.997 ,-0.305 ,-0.115 ,-0.641 ,0.543 ,-0.733 ,0.182 ,-0.597 ,-1.100 ,-1.314 ,-0.661 ,-0.762 ,0.103 ,-0.260 ,-0.752 
WWKWEI,9,m4646,1084.924458,19,57.10128727,5.557965783,1.35E-13,0.040204135,56.598886,86.399079,0.069 ,0.227 ,-0.704 ,-0.585 ,0.951 ,-0.691 ,-1.210 ,-1.020 ,0.368 ,1.399 ,-0.332 ,-0.253 ,0.665 ,0.609 ,-0.392 ,0.171 ,1.094 ,1.839 ,-0.071 
WWKWEI,10,m5155,984.6395704,19,51.82313528,5.044215751,6.51E-12,0.03648787,122.238563,128.559511,-0.151 ,1.746 ,-0.897 ,0.007 ,0.603 ,0.535 ,-1.074 ,0.736 ,-0.635 ,-0.387 ,-1.044 ,-0.326 ,0.187 ,-0.440 ,0.402 ,-0.291 ,-0.607 ,-0.855 ,0.445 
WWKWEI,10,m5265,746.955406,19,39.31344242,3.82658217,4.79E-08,0.027679988,145.896516,147.354292,0.012 ,-0.906 ,-0.536 ,-0.521 ,0.284 ,0.126 ,0.385 ,-0.227 ,-1.032 ,0.070 ,-0.017 ,0.919 ,-1.028 ,0.059 ,0.817 ,-0.430 ,0.485 ,0.205 ,0.085 
WWPH,1,m42,28356.79423,19,1492.462854,4.985052285,9.23E-12,0.023345298,8.540558,11.476129,3.634 ,-0.960 ,-3.977 ,-7.646 ,1.102 ,-2.372 ,5.708 ,4.125 ,-3.413 ,-5.364 ,-1.021 ,-4.992 ,-6.594 ,-2.828 ,-1.057 ,-1.639 ,-2.517 ,1.098 ,-7.063 
WWPH,1,m120,20393.84355,19,1073.360187,3.585185813,2.51E-07,0.016789639,25.153197,31.765598,2.091 ,1.515 ,1.449 ,-0.405 ,5.051 ,0.898 ,-0.736 ,1.765 ,5.409 ,-3.347 ,0.301 ,6.268 ,6.431 ,3.683 ,0.072 ,2.407 ,3.323 ,4.187 ,4.262 
WWPH,1,m305,16323.42877,19,859.1278299,2.869617251,3.22E-05,0.013438589,82.911646,88.633789,-0.788 ,2.416 ,4.269 ,4.559 ,1.716 ,4.570 ,2.056 ,1.070 ,-0.135 ,0.828 ,0.721 ,0.642 ,0.405 ,4.068 ,4.399 ,2.242 ,5.225 ,0.784 ,2.026 
WWPH,1,m459,15102.85796,19,794.8872612,2.655044008,1.28E-04,0.01243373,176.063081,206.118788,-1.236 ,-1.639 ,0.607 ,-1.410 ,-5.470 ,-1.764 ,-1.018 ,2.726 ,-2.856 ,-2.623 ,5.238 ,-4.313 ,1.404 ,-3.157 ,-2.272 ,3.108 ,0.825 ,4.243 ,-3.644 
WWPH,1,m601,18886.79777,19,994.0419879,3.320251,1.58E-06,0.015548934,239.611672,243.484954,-3.458 ,1.432 ,2.033 ,-1.994 ,-3.288 ,-4.907 ,-4.296 ,-3.750 ,-1.307 ,-2.642 ,2.116 ,5.797 ,-1.773 ,2.063 ,-3.102 ,1.809 ,-0.024 ,2.507 ,0.153 
WWPH,2,m856,21816.75367,19,1148.250193,3.835329794,4.29E-08,0.017961079,3.054543,3.339735,-3.845 ,-2.315 ,-5.044 ,1.038 ,0.370 ,-0.974 ,-3.036 ,-3.025 ,0.378 ,-4.569 ,4.209 ,-1.250 ,-5.384 ,0.435 ,-4.200 ,-3.642 ,-2.844 ,-2.052 ,0.119 
WWPH,2,m1123,27219.25302,19,1432.592264,4.785075435,4.13E-11,0.022408794,67.755456,131.348639,3.268 ,0.000 ,-1.014 ,0.570 ,1.316 ,-3.676 ,-8.858 ,-2.848 ,3.655 ,4.288 ,-1.887 ,2.527 ,-2.595 ,-0.660 ,-1.443 ,-5.530 ,-2.604 ,7.156 ,1.077 
WWPH,2,m1305,17771.76463,19,935.3560329,3.12423101,5.96E-06,0.01463096,189.499804,195.055947,-0.326 ,-1.172 ,3.948 ,-9.570 ,-0.002 ,2.419 ,-1.676 ,-4.561 ,-0.582 ,-1.641 ,-1.075 ,-1.474 ,-2.717 ,-1.186 ,-4.533 ,0.216 ,-1.086 ,2.926 ,2.498 
WWPH,2,m1416,25416.84374,19,1337.728618,4.468216469,4.34E-10,0.020924925,217.118186,222.43667,1.782 ,4.051 ,-2.209 ,2.584 ,2.087 ,3.120 ,5.770 ,2.891 ,-2.239 ,4.341 ,6.129 ,4.174 ,2.455 ,2.442 ,4.896 ,4.539 ,-0.589 ,3.901 ,3.698 
WWPH,3,m1524,21421.52135,19,1127.448492,3.765848957,7.03E-08,0.017635696,5.669491,12.883109,0.124 ,-3.315 ,3.550 ,0.452 ,-0.152 ,-3.041 ,-1.743 ,-6.151 ,-3.090 ,-0.258 ,-2.348 ,-4.028 ,1.886 ,-3.027 ,-3.637 ,-1.972 ,0.670 ,-6.539 ,-1.016 
WWPH,3,m1782,19344.50842,19,1018.132022,3.400715367,9.06E-07,0.015925753,176.289244,176.783314,-5.003 ,-3.727 ,-3.131 ,-4.778 ,-0.030 ,1.450 ,2.816 ,-0.286 ,-0.259 ,0.240 ,1.388 ,-0.963 ,-5.208 ,-1.467 ,-0.938 ,-2.584 ,-5.168 ,1.952 ,-2.560 
WWPH,4,m2247,38929.75603,19,2048.934528,6.843752073,5.65E-18,0.0320497,132.977952,143.077294,-4.024 ,0.635 ,-2.987 ,-5.409 ,-6.017 ,-0.504 ,0.246 ,1.141 ,-2.918 ,1.119 ,-1.627 ,-0.586 ,-2.668 ,-7.808 ,-7.093 ,-5.686 ,-0.007 ,-3.020 ,-5.714 
WWPH,4,m2525,26432.81258,19,1391.200662,4.646821206,1.16E-10,0.021761341,233.210729,234.358062,2.766 ,6.175 ,0.288 ,6.109 ,4.884 ,1.289 ,4.825 ,1.914 ,4.043 ,2.075 ,3.370 ,2.345 ,3.345 ,1.962 ,-0.044 ,3.579 ,1.237 ,0.654 ,2.932 
WWPH,5,m2867,18847.56331,19,991.9770166,3.313353682,1.65E-06,0.015516633,142.403778,144.283334,1.249 ,-7.052 ,-1.357 ,-2.591 ,-0.695 ,-2.283 ,-3.541 ,-1.982 ,5.055 ,-0.804 ,-4.091 ,-0.743 ,-0.900 ,-1.129 ,2.630 ,-1.087 ,-0.766 ,0.838 ,2.384 
WWPH,5,m3034,25593.37182,19,1347.019569,4.499249655,3.45E-10,0.021070255,195.126571,197.955413,-3.555 ,-4.343 ,-6.318 ,-0.176 ,0.810 ,-3.756 ,-3.926 ,-1.446 ,-4.814 ,-3.185 ,-1.652 ,-0.937 ,-0.719 ,-8.110 ,-1.253 ,0.254 ,-5.217 ,1.844 ,0.288 
WWPH,5,m3114,15556.69059,19,818.7731888,2.734826629,7.69E-05,0.012807356,210.513232,211.443648,1.711 ,0.231 ,6.660 ,-3.415 ,-2.302 ,-3.380 ,-2.884 ,3.068 ,2.834 ,-0.618 ,-2.635 ,4.132 ,-2.224 ,-2.004 ,-0.967 ,0.442 ,-0.300 ,-5.404 ,2.517 
WWPH,6,m3283,19499.86492,19,1026.30868,3.428026646,7.50E-07,0.016053654,78.614778,85.966982,2.066 ,-0.955 ,-5.301 ,-2.866 ,0.354 ,0.003 ,-14.697 ,-2.108 ,-2.923 ,2.105 ,-0.063 ,2.321 ,1.193 ,0.204 ,9.193 ,1.439 ,-2.571 ,-2.478 ,-1.527 
WWPH,6,m3304,20586.49235,19,1083.499597,3.619052983,1.98E-07,0.016948241,93.78428,96.552748,3.779 ,0.904 ,7.118 ,4.471 ,2.186 ,5.221 ,-8.207 ,3.080 ,3.721 ,4.929 ,5.118 ,5.169 ,1.225 ,2.898 ,-9.420 ,0.669 ,7.912 ,2.329 ,-0.253 
WWPH,6,m3434,15778.69694,19,830.4577335,2.77385478,5.98E-05,0.012990128,132.195277,135.656324,-1.827 ,1.670 ,-5.898 ,4.546 ,-0.107 ,2.432 ,3.917 ,-3.228 ,4.059 ,-0.421 ,-2.150 ,0.025 ,-2.111 ,-1.266 ,1.371 ,0.492 ,3.298 ,1.166 ,1.793 
WWPH,7,m3879,24947.24458,19,1313.012872,4.38566213,7.97E-10,0.020538318,133.047582,143.020853,-2.229 ,-3.932 ,-0.643 ,-2.080 ,-2.712 ,-2.497 ,-1.344 ,-6.022 ,-1.831 ,0.684 ,-0.669 ,-7.920 ,-5.623 ,0.165 ,-3.696 ,-1.508 ,-0.899 ,1.050 ,-6.103 
WWPH,8,m4232,23690.76161,19,1246.88219,4.164775622,4.00E-09,0.019503893,93.429594,102.336104,-4.703 ,-0.229 ,-2.357 ,-0.054 ,1.430 ,-2.849 ,-0.457 ,-4.723 ,-2.395 ,-0.422 ,1.009 ,0.020 ,-4.884 ,-7.701 ,-2.059 ,-1.465 ,-5.344 ,1.699 ,-2.024 
WWPH,9,m4683,56355.89282,19,2966.099622,9.907222588,1.60E-28,0.046396115,96.187091,99.017441,8.734 ,2.652 ,11.899 ,5.864 ,4.607 ,0.897 ,-0.912 ,1.121 ,-1.040 ,3.891 ,-3.658 ,5.768 ,7.587 ,3.197 ,5.498 ,0.357 ,3.877 ,6.067 ,4.397 
WWPH,9,m4807,20655.13965,19,1087.112613,3.631121003,1.82E-07,0.017004757,138.425125,142.33273,1.874 ,-0.535 ,2.252 ,2.740 ,5.991 ,2.663 ,4.887 ,3.835 ,4.411 ,-0.992 ,1.579 ,2.780 ,-3.695 ,2.033 ,1.922 ,6.929 ,1.217 ,5.237 ,1.125 
WWPH,10,m4934,16893.9407,19,889.1547736,2.969911797,1.67E-05,0.013908274,4.738018,6.530029,5.452 ,6.688 ,3.699 ,0.309 ,5.557 ,1.414 ,-0.681 ,-2.598 ,1.775 ,2.438 ,4.106 ,3.089 ,1.251 ,2.750 ,-0.673 ,3.162 ,-3.511 ,2.232 ,-0.736 
WWPH,10,m5092,34146.31792,19,1797.174628,6.002835823,3.91E-15,0.028111639,95.76169,101.330368,0.356 ,-2.195 ,9.461 ,5.804 ,2.808 ,4.404 ,7.822 ,1.928 ,2.101 ,5.285 ,-3.138 ,-2.094 ,3.774 ,2.017 ,6.473 ,-3.169 ,3.209 ,-1.486 ,0.331 
WWSEW,1,m240,41785.96322,19,2199.261222,2.736059732,7.53E-05,0.044666426,51.015335,67.725398,2.115 ,6.875 ,5.429 ,-1.459 ,-2.243 ,-2.650 ,2.877 ,-1.610 ,-9.203 ,4.988 ,0.771 ,-0.407 ,-5.560 ,1.219 ,-2.325 ,0.204 ,3.807 ,-0.467 ,-5.912 
WWSEW,2,m990,47877.74991,19,2519.881574,3.134937512,5.44E-06,0.051178142,21.726154,29.122561,1.745 ,-2.676 ,0.245 ,1.041 ,0.374 ,6.271 ,-6.384 ,1.758 ,6.669 ,-0.179 ,-0.166 ,6.777 ,0.626 ,-3.154 ,-4.311 ,3.056 ,1.911 ,11.438 ,6.694 
WWSEW,3,m1535,42946.34252,19,2260.333817,2.812039004,4.61E-05,0.045906794,12.422491,28.140301,0.105 ,0.542 ,3.010 ,0.506 ,2.871 ,2.524 ,-1.874 ,2.674 ,11.999 ,-2.089 ,3.815 ,-3.932 ,3.099 ,-5.379 ,-0.772 ,2.613 ,3.526 ,-2.676 ,1.714 
WWSEW,3,m1969,56285.02273,19,2962.369617,3.685428606,1.21E-07,0.06016496,211.68222,218.359801,-5.971 ,-2.658 ,-3.474 ,-4.646 ,3.325 ,-4.622 ,-3.196 ,-2.198 ,-6.515 ,-9.919 ,0.750 ,-1.068 ,-1.269 ,-0.409 ,-5.721 ,-8.084 ,-5.158 ,0.545 ,-3.074 
WWSEW,4,m2392,45925.42462,19,2417.127611,3.00710323,1.28E-05,0.049091236,173.307075,193.150577,-2.711 ,-1.275 ,-7.671 ,-1.664 ,-6.979 ,-5.709 ,-1.147 ,-5.719 ,4.536 ,2.067 ,-3.911 ,-5.636 ,-2.790 ,-6.488 ,-2.407 ,0.707 ,-5.535 ,-1.115 ,-1.171 
WWSEW,5,m2797,47256.63889,19,2487.191521,3.094268428,7.15E-06,0.050514216,59.974793,69.78865,3.269 ,-5.023 ,-0.318 ,-0.383 ,-3.305 ,-8.583 ,3.501 ,1.743 ,5.739 ,-6.421 ,-2.382 ,-5.664 ,-1.804 ,-3.855 ,-1.062 ,-10.502 ,1.509 ,1.380 ,-2.150 
WWSEW,6,m3474,61490.64568,19,3236.349773,4.026282191,1.05E-08,0.065729426,143.760815,146.814253,-2.148 ,7.486 ,-8.137 ,-5.197 ,-3.950 ,-4.196 ,-1.363 ,-7.636 ,-5.301 ,3.622 ,-2.018 ,-4.916 ,-3.016 ,-5.228 ,-1.024 ,-2.325 ,-2.204 ,-8.707 ,-5.733 
WWSEW,9,m4576,71838.52124,19,3780.974802,4.703839998,7.18E-11,0.076790619,17.668818,23.451365,1.957 ,4.526 ,-1.631 ,-0.742 ,2.210 ,-4.406 ,-6.144 ,-4.202 ,-4.398 ,0.623 ,2.449 ,5.142 ,3.918 ,-0.545 ,-1.047 ,-15.071 ,1.054 ,-8.393 ,-5.711 
WWSEW,10,m5061,39475.57044,19,2077.661602,2.58477992,1.97E-04,0.042196769,58.353601,88.117978,-2.505 ,4.150 ,-2.693 ,1.011 ,2.091 ,-0.759 ,-12.284 ,-1.286 ,-0.073 ,5.238 ,-1.008 ,-1.070 ,0.841 ,-9.101 ,-0.329 ,3.432 ,-0.202 ,1.444 ,-2.982 
WWSEW,10,m5270,43752.31879,19,2302.753621,2.864812688,3.27E-05,0.04676833,146.939643,147.382117,4.429 ,-3.504 ,1.755 ,-0.867 ,0.775 ,-0.278 ,2.267 ,-9.695 ,-2.002 ,2.673 ,-4.263 ,-1.708 ,-3.249 ,0.939 ,-4.483 ,6.936 ,3.827 ,9.324 ,-4.926 